Quiz ID,Quiz Name,Chapter,Subject,Date Taken,Score (%),Status,Remarks
8,Biology Quiz 1,Test,Biology,2025-02-04 22:40,100.00,Pass,Excellent performance!
1,Matrices and Determinants,Linear Algebra,Mathematics,2025-02-04 19:46,100.00,Pass,Excellent performance!
1,Matrices and Determinants,Linear Algebra,Mathematics,2025-02-04 12:08,50.00,Fail,Needs improvement
4,Arrays and Linked Lists,Data Structures,Computer Science,2025-02-02 14:00,100.00,Pass,Excellent performance!
4,Arrays and Linked Lists,Data Structures,Computer Science,2025-02-02 13:59,100.00,Pass,Excellent performance!
4,Arrays and Linked Lists,Data Structures,Computer Science,2025-02-02 13:53,0.00,Fail,Needs improvement
3,Newton's Laws,Mechanics,Physics,2025-01-29 01:29,100.00,Pass,Excellent performance!
3,Newton's Laws,Mechanics,Physics,2025-01-28 14:41,100.00,Pass,Excellent performance!
4,Arrays and Linked Lists,Data Structures,Computer Science,2025-01-28 14:32,0.00,Fail,Needs improvement
4,Arrays and Linked Lists,Data Structures,Computer Science,2025-01-19 22:08,0.00,Fail,Needs improvement
1,Matrices and Determinants,Linear Algebra,Mathematics,2025-01-19 22:06,0.00,Fail,Needs improvement
3,Newton's Laws,Mechanics,Physics,2025-01-19 22:02,100.00,Pass,Excellent performance!
1,Matrices and Determinants,Linear Algebra,Mathematics,2025-01-19 21:54,100.00,Pass,Excellent performance!
1,Matrices and Determinants,Linear Algebra,Mathematics,2025-01-19 21:53,100.00,Pass,Excellent performance!
3,Newton's Laws,Mechanics,Physics,2025-01-19 21:32,0.00,Fail,Needs improvement
3,Newton's Laws,Mechanics,Physics,2025-01-19 21:32,100.00,Pass,Excellent performance!
1,Matrices and Determinants,Linear Algebra,Mathematics,2025-01-14 17:03,100.00,Pass,Excellent performance!
1,Matrices and Determinants,Linear Algebra,Mathematics,2025-01-14 17:00,100.00,Pass,Excellent performance!
1,Matrices and Determinants,Linear Algebra,Mathematics,2025-01-14 15:17,100.00,Pass,Excellent performance!
1,Matrices and Determinants,Linear Algebra,Mathematics,2024-12-14 00:58,100.00,Pass,Excellent performance!
